"port_authority","facility","company","cargo_mt","company_clean","port_authority_short","province","iso2"
"Aliağa Bölge Liman Başkanlığı","TÜPRAŞ","İzmir Aliağa Rafinerisi",15088213,"IZMIR ALIAGA RAFINERISI","Aliağa","İzmir","TR-35"
"Aliağa Bölge Liman Başkanlığı","STAR ALIAGA","STAR RAFİNERİ A.Ş",12114504.294,"STAR RAFINERI A S","Aliağa","İzmir","TR-35"
"Aliağa Bölge Liman Başkanlığı","STAR ALIAGA","SOCAR",1173424,"SOCAR","Aliağa","İzmir","TR-35"
"Aliağa Bölge Liman Başkanlığı","STAR ALIAGA","PETKİM",222422.876,"PETKIM","Aliağa","İzmir","TR-35"
"Aliağa Bölge Liman Başkanlığı","STAR ALIAGA","POAŞ",93866.948,"POAS","Aliağa","İzmir","TR-35"
"Aliağa Bölge Liman Başkanlığı","STAR ALIAGA","SHELL/ISTANBUL JET/SOCAR",67807,"SHELL ISTANBUL JET SOCAR","Aliağa","İzmir","TR-35"
"Aliağa Bölge Liman Başkanlığı","STAR ALIAGA","STAR",65734.568,"STAR","Aliağa","İzmir","TR-35"
"Aliağa Bölge Liman Başkanlığı","STAR ALIAGA","OMV",49875.764,"OMV","Aliağa","İzmir","TR-35"
"Aliağa Bölge Liman Başkanlığı","STAR ALIAGA","SOCAR,SHELL,THY OPET",49211.414,"SOCAR SHELL THY OPET","Aliağa","İzmir","TR-35"
"Aliağa Bölge Liman Başkanlığı","STAR ALIAGA","THY OPET",32855.829,"THY OPET","Aliağa","İzmir","TR-35"
"Aliağa Bölge Liman Başkanlığı","STAR ALIAGA","PETROL OFİSİ",32664.209,"PETROL OFISI","Aliağa","İzmir","TR-35"
"Aliağa Bölge Liman Başkanlığı","STAR ALIAGA","SOCAR/SHELL İST HAVACILIK",7584.754,"SOCAR SHELL IST HAVACILIK","Aliağa","İzmir","TR-35"
"Aliağa Bölge Liman Başkanlığı","STAR ALIAGA","THY OPET/SHELL",5176.263,"THY OPET SHELL","Aliağa","İzmir","TR-35"
"Aliağa Bölge Liman Başkanlığı","STAR ALIAGA","TRANSPET",4573.21,"TRANSPET","Aliağa","İzmir","TR-35"
"Aliağa Bölge Liman Başkanlığı","STAR ALIAGA","SHELL",1491.883,"SHELL","Aliağa","İzmir","TR-35"
"Aliağa Bölge Liman Başkanlığı","Egegaz Aliağa LNG Terminali","BOTAŞ Boru Hatları ile Petrol Taşıma A.Ş.",3129101.52,"BOTAS BORU HATLARI ILE PETROL TASIMA A S","Aliağa","İzmir","TR-35"
"Aliağa Bölge Liman Başkanlığı","ETKİ Liman İşletmeleri Doğalgaz İthalat ve Ticaret A.Ş.","BOTAŞ Boru Hatları ile Petrol Taşıma A.Ş",1808399.29,"BOTAS BORU HATLARI ILE PETROL TASIMA A S","Aliağa","İzmir","TR-35"
"Aliağa Bölge Liman Başkanlığı","PETKİM","PETKİM",184669,"PETKIM","Aliağa","İzmir","TR-35"
"Aliağa Bölge Liman Başkanlığı","PETKİM","AKSA",55085.23,"AKSA","Aliağa","İzmir","TR-35"
"Aliağa Bölge Liman Başkanlığı","PETKİM","SASA",3014.313,"SASA","Aliağa","İzmir","TR-35"
"Aliağa Bölge Liman Başkanlığı","İDÇ LİMAN İŞLETMELERİ","ÖZERSOYLAR DIŞ TİCARET A.Ş ÜMRANİYE / İSTANBUL",30513,"OZERSOYLAR DIS TICARET A S UMRANIYE ISTANBUL","Aliağa","İzmir","TR-35"
"Aliağa Bölge Liman Başkanlığı","İDÇ LİMAN İŞLETMELERİ","VORE LOJİSTİK İNŞAAT PETROKİMYA A.Ş MASLAK / İSTANBUL",18949,"VORE LOJISTIK INSAAT PETROKIMYA A S MASLAK ISTANBUL","Aliağa","İzmir","TR-35"
"Aliağa Bölge Liman Başkanlığı","İDÇ LİMAN İŞLETMELERİ","KOCAMAN GLOBAL DENİZCİLİK A.Ş Darıca / KOCAELİ",12830,"KOCAMAN GLOBAL DENIZCILIK A S DARICA KOCAELI","Aliağa","İzmir","TR-35"
"Aliağa Bölge Liman Başkanlığı","İDÇ LİMAN İŞLETMELERİ","BAY MİNERAL MADEN VE KİMYA SAN.DIŞ TİÇ. LTD. ŞTİ. Ataşehir / İSTANBUL",11058,"BAY MINERAL MADEN VE KIMYA SAN DIS TIC LTD STI ATASEHIR ISTANBUL","Aliağa","İzmir","TR-35"
"Aliağa Bölge Liman Başkanlığı","İDÇ LİMAN İŞLETMELERİ","Toros Tarım Sanayi ve Ticaret A.Ş.",5757,"TOROS TARIM SANAYI VE TICARET A S","Aliağa","İzmir","TR-35"
"Aliağa Bölge Liman Başkanlığı","BATILİMAN LİMAN İŞLETMELERİ A.Ş.","AGRO SERVİS A.Ş.",10148,"AGRO SERVIS A S","Aliağa","İzmir","TR-35"
"Aliağa Bölge Liman Başkanlığı","BATILİMAN LİMAN İŞLETMELERİ A.Ş.","ADM BESİN A.Ş.",8619,"ADM BESIN A S","Aliağa","İzmir","TR-35"
"Aliağa Bölge Liman Başkanlığı","BATILİMAN LİMAN İŞLETMELERİ A.Ş.","PROYEM A.Ş.",2463.32,"PROYEM A S","Aliağa","İzmir","TR-35"
"Aliağa Bölge Liman Başkanlığı","BATILİMAN LİMAN İŞLETMELERİ A.Ş.","EKİZ TAV. TAR. ÜRN. A.Ş.",2288.06,"EKIZ TAV TAR URN A S","Aliağa","İzmir","TR-35"
"Aliağa Bölge Liman Başkanlığı","EGE ÇELİK","Solu-Fert Kimyevi Madde San. Ve Tic.A.Ş.",14717.86,"SOLU FERT KIMYEVI MADDE SAN VE TIC A S","Aliağa","İzmir","TR-35"
"Aliağa Bölge Liman Başkanlığı","EGE ÇELİK","Toros Tarım Sanayi ve Ticaret A.Ş.",3803.88,"TOROS TARIM SANAYI VE TICARET A S","Aliağa","İzmir","TR-35"
"Aliağa Bölge Liman Başkanlığı","EGE ÇELİK","Doktor Tarsa Tarım San. Ve Tic.A.Ş.",3252.57,"DOKTOR TARSA TARIM SAN VE TIC A S","Aliağa","İzmir","TR-35"
"Ambarlı Bölge Liman Başkanlığı","AYGAZ A.Ş AMBARLI TERMİNALİ","AYGAZ A.Ş.",121536.94,"AYGAZ A S","Ambarlı","İstanbul","TR-34"
"Ambarlı Bölge Liman Başkanlığı","TPPD AMBARLI TERMİNALİ","TÜRKİYE PETROLLERİ PETROL DAĞITIM A.Ş",60000,"TURKIYE PETROLLERI PETROL DAGITIM A S","Ambarlı","İstanbul","TR-34"
"Antalya Bölge Liman Başkanlığı","PETROL OFİSİ A.Ş ANTALYA TERMİNALİ","PETROL OFİSİ A.Ş",821060,"PETROL OFISI A S","Antalya","Antalya","TR-07"
"Antalya Bölge Liman Başkanlığı","AKDENİZ AKARYAKIT A.Ş DEPOLAMA TESİSİ","OPET PETROLCÜLÜK A.Ş",233859,"OPET PETROLCULUK A S","Antalya","Antalya","TR-07"
"Antalya Bölge Liman Başkanlığı","AKDENİZ AKARYAKIT A.Ş DEPOLAMA TESİSİ","SOCAR ENERJİ A.Ş",151723,"SOCAR ENERJI A S","Antalya","Antalya","TR-07"
"Antalya Bölge Liman Başkanlığı","AKDENİZ AKARYAKIT A.Ş DEPOLAMA TESİSİ","THYOPET A.Ş",142491,"THYOPET A S","Antalya","Antalya","TR-07"
"Antalya Bölge Liman Başkanlığı","AKDENİZ AKARYAKIT A.Ş DEPOLAMA TESİSİ","AKPET AKARYAKIT DAĞITIM A.Ş",54941,"AKPET AKARYAKIT DAGITIM A S","Antalya","Antalya","TR-07"
"Antalya Bölge Liman Başkanlığı","AKDENİZ AKARYAKIT A.Ş DEPOLAMA TESİSİ","STAR RAFİNERİ A.Ş",40076,"STAR RAFINERI A S","Antalya","Antalya","TR-07"
"Antalya Bölge Liman Başkanlığı","AKDENİZ AKARYAKIT A.Ş DEPOLAMA TESİSİ","ALTINBAŞ PETROLCÜLÜK A.Ş",9909,"ALTINBAS PETROLCULUK A S","Antalya","Antalya","TR-07"
"Antalya Bölge Liman Başkanlığı","ÇEKİSAN DEPOLAMA A.Ş ANTALYA TERMİNALİ","BP PETROLLERİ A.Ş",174129,"BP PETROLLERI A S","Antalya","Antalya","TR-07"
"Antalya Bölge Liman Başkanlığı","ÇEKİSAN DEPOLAMA A.Ş ANTALYA TERMİNALİ","SHELL& TURCAS PETROL A.Ş",148245,"SHELL TURCAS PETROL A S","Antalya","Antalya","TR-07"
"Antalya Bölge Liman Başkanlığı","ÇEKİSAN DEPOLAMA A.Ş ANTALYA TERMİNALİ","GÜZEL ENERJİ AKARYAKIT A.Ş",109841,"GUZEL ENERJI AKARYAKIT A S","Antalya","Antalya","TR-07"
"Antalya Bölge Liman Başkanlığı","AYTEMİZ AKARYAKIT ALANYA TERMİNAL","AYTEMİZ AKARYAKIT ALANYA TERMİNAL",144597,"AYTEMIZ AKARYAKIT ALANYA TERMINAL","Antalya","Antalya","TR-07"
"Antalya Bölge Liman Başkanlığı","SHELL& TURCAS PETROL A.Ş.&ÇEKİSAN ANTALYA","SHELL& TURCAS PETROL A.Ş",119347,"SHELL TURCAS PETROL A S","Antalya","Antalya","TR-07"
"Antalya Bölge Liman Başkanlığı","SHELL ANTALYA TERMİNALİ","SHELL ANTALYA TERMİNALİ",110343.828,"SHELL ANTALYA TERMINALI","Antalya","Antalya","TR-07"
"Antalya Bölge Liman Başkanlığı","TÜRKİYE PETROLLERİ ANTALYA TERMİNALİ","TÜRKİYE PETROLLERİ ANTALYA TERMİNALİ",77112.569,"TURKIYE PETROLLERI ANTALYA TERMINALI","Antalya","Antalya","TR-07"
"Antalya Bölge Liman Başkanlığı","SHELL& TURCAS PETROL A.Ş.","THE SHELL COMPANY OF TURKEY LIMITED",21260,"THE SHELL COMPANY OF TURKEY LIMITED","Antalya","Antalya","TR-07"
"Antalya Bölge Liman Başkanlığı","SHELL& TURCAS PETROL A.Ş.","İSTANBULJET HAVACILIK VE YER HİZMETLERİ",15175,"ISTANBULJET HAVACILIK VE YER HIZMETLERI","Antalya","Antalya","TR-07"
"Bandırma Bölge Liman Başkanlığı","BAGFAŞ BANDIRMA GÜBRE FABRİKASI","BAGFAŞ BANDIRMA GÜBRE FABRİKALARI / BANDIRMA",181664,"BAGFAS BANDIRMA GUBRE FABRIKALARI BANDIRMA","Bandırma","Balıkesir","TR-10"
"Bandırma Bölge Liman Başkanlığı","BAGFAŞ BANDIRMA GÜBRE FABRİKASI","AB GIDA",4993.5,"AB GIDA","Bandırma","Balıkesir","TR-10"
"Ceyhan Bölge Liman Başkanlığı","BOTAŞ INTERNATIONAL AŞ. CMT DENİZ TERMİNALİ","SOCAR,BP,TPAO,CHEVRON,ENI",29672725.67,"SOCAR BP TPAO CHEVRON ENI","Ceyhan","Adana","TR-01"
"Ceyhan Bölge Liman Başkanlığı","BOTAŞ CEYHAN LİMANI","IRAK HAMPETROLÜ SATIN ALAN MUHTELİF FİRMALAR VE ÜLKELER",21922188.825,"IRAK HAMPETROLU SATIN ALAN MUHTELIF FIRMALAR VE ULKELER","Ceyhan","Adana","TR-01"
"Ceyhan Bölge Liman Başkanlığı","Toros Tarım Sanayi ve Tic A.Ş Ceyhan Liman Tesisi","PİER AGRO GIDA SAN.TİC.A.Ş.",280390.668,"PIER AGRO GIDA SAN TIC A S","Ceyhan","Adana","TR-01"
"Ceyhan Bölge Liman Başkanlığı","Toros Tarım Sanayi ve Tic A.Ş Ceyhan Liman Tesisi","KÖKSAN PET VE PLASTİK AMBALAJ SAN.VE TİC.A.Ş.",270391,"KOKSAN PET VE PLASTIK AMBALAJ SAN VE TIC A S","Ceyhan","Adana","TR-01"
"Ceyhan Bölge Liman Başkanlığı","Toros Tarım Sanayi ve Tic A.Ş Ceyhan Liman Tesisi","Toros Tarım Sanayi ve Ticaret A.Ş.",197261,"TOROS TARIM SANAYI VE TICARET A S","Ceyhan","Adana","TR-01"
"Ceyhan Bölge Liman Başkanlığı","Toros Tarım Sanayi ve Tic A.Ş Ceyhan Liman Tesisi","HİCRİ ERCİLİ DENİZ NAKLİYAT KİMYEVİ MAD.SAN. Ve TİC.LTD",181054,"HICRI ERCILI DENIZ NAKLIYAT KIMYEVI MAD SAN VE TIC LTD","Ceyhan","Adana","TR-01"
"Ceyhan Bölge Liman Başkanlığı","Toros Tarım Sanayi ve Tic A.Ş Ceyhan Liman Tesisi","AK-TAŞ DIŞ TİCARET A.Ş.",77146,"AK TAS DIS TICARET A S","Ceyhan","Adana","TR-01"
"Ceyhan Bölge Liman Başkanlığı","Toros Tarım Sanayi ve Tic A.Ş Ceyhan Liman Tesisi","DİOKİ PETROKİMYA SANAYİ A.Ş.",65870.086,"DIOKI PETROKIMYA SANAYI A S","Ceyhan","Adana","TR-01"
"Ceyhan Bölge Liman Başkanlığı","Toros Tarım Sanayi ve Tic A.Ş Ceyhan Liman Tesisi","BAF PREMİKS VE TARIM SANAYİ VE DIŞ TİC.LTD.ŞTİ.",54343.151,"BAF PREMIKS VE TARIM SANAYI VE DIS TIC LTD STI","Ceyhan","Adana","TR-01"
"Ceyhan Bölge Liman Başkanlığı","Toros Tarım Sanayi ve Tic A.Ş Ceyhan Liman Tesisi","ASCHEM PETROKİMYA A.Ş",51297.859,"ASCHEM PETROKIMYA A S","Ceyhan","Adana","TR-01"
"Ceyhan Bölge Liman Başkanlığı","Toros Tarım Sanayi ve Tic A.Ş Ceyhan Liman Tesisi","LİKİT KİMYA SAN. VE TİC. AŞ.",51164,"LIKIT KIMYA SAN VE TIC AS","Ceyhan","Adana","TR-01"
"Ceyhan Bölge Liman Başkanlığı","Toros Tarım Sanayi ve Tic A.Ş Ceyhan Liman Tesisi","SOHO PETROKİMYA A.Ş",50179.286,"SOHO PETROKIMYA A S","Ceyhan","Adana","TR-01"
"Ceyhan Bölge Liman Başkanlığı","Toros Tarım Sanayi ve Tic A.Ş Ceyhan Liman Tesisi","CELLMARK KİMYA A.Ş",43416,"CELLMARK KIMYA A S","Ceyhan","Adana","TR-01"
"Ceyhan Bölge Liman Başkanlığı","Toros Tarım Sanayi ve Tic A.Ş Ceyhan Liman Tesisi","KORUMA KLOR ALKALİ SAN. VE TİC.A.Ş.",33981,"KORUMA KLOR ALKALI SAN VE TIC A S","Ceyhan","Adana","TR-01"
"Ceyhan Bölge Liman Başkanlığı","Toros Tarım Sanayi ve Tic A.Ş Ceyhan Liman Tesisi","KOZA POLYESTER SAN. VE TİC. A.Ş.",33803.095,"KOZA POLYESTER SAN VE TIC A S","Ceyhan","Adana","TR-01"
"Ceyhan Bölge Liman Başkanlığı","Toros Tarım Sanayi ve Tic A.Ş Ceyhan Liman Tesisi","KASTAMONU ENTEGRE AĞAÇ SAN.VE TİC.LTD.ŞTİ.",26715.957,"KASTAMONU ENTEGRE AGAC SAN VE TIC LTD STI","Ceyhan","Adana","TR-01"
"Ceyhan Bölge Liman Başkanlığı","Toros Tarım Sanayi ve Tic A.Ş Ceyhan Liman Tesisi","YILDIZ ENTEGRE AĞAÇ SAN.VE TİC.A.Ş.",19129.088,"YILDIZ ENTEGRE AGAC SAN VE TIC A S","Ceyhan","Adana","TR-01"
"Ceyhan Bölge Liman Başkanlığı","Toros Tarım Sanayi ve Tic A.Ş Ceyhan Liman Tesisi","KOPET SAN. TİC. A.Ş",17035.045,"KOPET SAN TIC A S","Ceyhan","Adana","TR-01"
"Ceyhan Bölge Liman Başkanlığı","Toros Tarım Sanayi ve Tic A.Ş Ceyhan Liman Tesisi","KEMRON KİMYA SANAYİ VE TİCARET ANONİM ŞİRKETİ",11385,"KEMRON KIMYA SANAYI VE TICARET ANONIM SIRKETI","Ceyhan","Adana","TR-01"
"Ceyhan Bölge Liman Başkanlığı","Toros Tarım Sanayi ve Tic A.Ş Ceyhan Liman Tesisi","PETKIM PETROKİMYA A.Ş",5838.639,"PETKIM PETROKIMYA A S","Ceyhan","Adana","TR-01"
"Ceyhan Bölge Liman Başkanlığı","Toros Tarım Sanayi ve Tic A.Ş Ceyhan Liman Tesisi","MELTEM KİMYA TEK.SAN.İTH.İTL. Ve TİC A.Ş",5441.635,"MELTEM KIMYA TEK SAN ITH ITL VE TIC A S","Ceyhan","Adana","TR-01"
"Ceyhan Bölge Liman Başkanlığı","Toros Tarım Sanayi ve Tic A.Ş Ceyhan Liman Tesisi","BGN INTERNATIONAL",3466.035,"BGN INTERNATIONAL","Ceyhan","Adana","TR-01"
"Ceyhan Bölge Liman Başkanlığı","Toros Tarım Sanayi ve Tic A.Ş Ceyhan Liman Tesisi","BEYAZ KAĞIT A.Ş",1498.675,"BEYAZ KAGIT A S","Ceyhan","Adana","TR-01"
"Ceyhan Bölge Liman Başkanlığı","Toros Tarım Sanayi ve Tic A.Ş Ceyhan Liman Tesisi","SASA POLYESTER A.Ş",509.237,"SASA POLYESTER A S","Ceyhan","Adana","TR-01"
"Çanakkale Bölge Liman Başkanlığı","Çanakkale Kepez Limanı","Çanakkale Liman İşletmesi San. ve Tic A.Ş.",39804,"CANAKKALE LIMAN ISLETMESI SAN VE TIC A S","Çanakkale","Çanakkale","TR-17"
"Gemlik Bölge Liman Başkanlığı","GEMPORT","GEMLİK GÜBRE SANAYİ A.Ş.",130744,"GEMLIK GUBRE SANAYI A S","Gemlik","Bursa","TR-16"
"Gemlik Bölge Liman Başkanlığı","MKS MARAMARA LİMAN TESİSİ","MKS MARMARA ENTEGRE KİMYA SANAYİ A.Ş",77232.015,"MKS MARMARA ENTEGRE KIMYA SANAYI A S","Gemlik","Bursa","TR-16"
"Güllük Liman Başkanlığı","Unspecified facility","GÜLPORT, KILIÇ DENİZ ÜRÜNLERİ A.Ş., GÜMÜŞDOĞA SU ÜRÜNLERİ A.Ş.",72757.08,"GULPORT KILIC DENIZ URUNLERI A S GUMUSDOGA SU URUNLERI A S","Güllük","Muğla","TR-48"
"İskenderun Bölge Liman Başkanlığı","GLOBAL TERMİNAL HİZMETLERİ","TRANSPET",923973,"TRANSPET","İskenderun","Hatay","TR-31"
"İskenderun Bölge Liman Başkanlığı","GLOBAL TERMİNAL HİZMETLERİ","ZAMANOIL",87263,"ZAMANOIL","İskenderun","Hatay","TR-31"
"İskenderun Bölge Liman Başkanlığı","GLOBAL TERMİNAL HİZMETLERİ","SOCAR TURKEY",81883,"SOCAR TURKEY","İskenderun","Hatay","TR-31"
"İskenderun Bölge Liman Başkanlığı","AYGAZ A.Ş. DÖRTYOL TERMİNALİ","AYGAZ A.Ş.",658066.59,"AYGAZ A S","İskenderun","Hatay","TR-31"
"İskenderun Bölge Liman Başkanlığı","GÜNEY WİMBA PETROL ÜRÜNLERİ 
DEPOLAMA HİZMETLERİ A.Ş.","NADİR YAĞ",109360,"NADIR YAG","İskenderun","Hatay","TR-31"
"İskenderun Bölge Liman Başkanlığı","GÜNEY WİMBA PETROL ÜRÜNLERİ 
DEPOLAMA HİZMETLERİ A.Ş.","STAR RAFİNERİ A.Ş",58061,"STAR RAFINERI A S","İskenderun","Hatay","TR-31"
"İskenderun Bölge Liman Başkanlığı","GÜNEY WİMBA PETROL ÜRÜNLERİ 
DEPOLAMA HİZMETLERİ A.Ş.","PAM YAĞ GIDA VE KİMYA SANAYİ LTD. ŞTİ.",35580,"PAM YAG GIDA VE KIMYA SANAYI LTD STI","İskenderun","Hatay","TR-31"
"İskenderun Bölge Liman Başkanlığı","GÜNEY WİMBA PETROL ÜRÜNLERİ 
DEPOLAMA HİZMETLERİ A.Ş.","SAYINLAR GIDA SANAYİ TİCARET AŞ.",23890,"SAYINLAR GIDA SANAYI TICARET AS","İskenderun","Hatay","TR-31"
"İskenderun Bölge Liman Başkanlığı","GÜNEY WİMBA PETROL ÜRÜNLERİ 
DEPOLAMA HİZMETLERİ A.Ş.","YAYLA AGRD YAĞ",11650,"YAYLA AGRD YAG","İskenderun","Hatay","TR-31"
"İskenderun Bölge Liman Başkanlığı","GÜNEY WİMBA PETROL ÜRÜNLERİ 
DEPOLAMA HİZMETLERİ A.Ş.","SALOVA YAĞ",11197,"SALOVA YAG","İskenderun","Hatay","TR-31"
"İskenderun Bölge Liman Başkanlığı","GÜNEY WİMBA PETROL ÜRÜNLERİ 
DEPOLAMA HİZMETLERİ A.Ş.","UNAT YAĞ",11015,"UNAT YAG","İskenderun","Hatay","TR-31"
"İskenderun Bölge Liman Başkanlığı","GÜNEY WİMBA PETROL ÜRÜNLERİ 
DEPOLAMA HİZMETLERİ A.Ş.","LİFE KİMYA",9982,"LIFE KIMYA","İskenderun","Hatay","TR-31"
"İskenderun Bölge Liman Başkanlığı","GÜNEY WİMBA PETROL ÜRÜNLERİ 
DEPOLAMA HİZMETLERİ A.Ş.","KADOOĞLU YAĞ SANAYİ VE TİCARET AŞ.",9604,"KADOOGLU YAG SANAYI VE TICARET AS","İskenderun","Hatay","TR-31"
"İskenderun Bölge Liman Başkanlığı","GÜNEY WİMBA PETROL ÜRÜNLERİ 
DEPOLAMA HİZMETLERİ A.Ş.","ETİ ALÜMINYUM",9500,"ETI ALUMINYUM","İskenderun","Hatay","TR-31"
"İskenderun Bölge Liman Başkanlığı","GÜNEY WİMBA PETROL ÜRÜNLERİ 
DEPOLAMA HİZMETLERİ A.Ş.","AKÇA KİMYA",6463,"AKCA KIMYA","İskenderun","Hatay","TR-31"
"İskenderun Bölge Liman Başkanlığı","GÜNEY WİMBA PETROL ÜRÜNLERİ 
DEPOLAMA HİZMETLERİ A.Ş.","YILDIZ ENERJİ YAĞ",6060,"YILDIZ ENERJI YAG","İskenderun","Hatay","TR-31"
"İskenderun Bölge Liman Başkanlığı","GÜNEY WİMBA PETROL ÜRÜNLERİ 
DEPOLAMA HİZMETLERİ A.Ş.","ELMAS YAĞ",3033,"ELMAS YAG","İskenderun","Hatay","TR-31"
"İskenderun Bölge Liman Başkanlığı","GÜNEY WİMBA PETROL ÜRÜNLERİ 
DEPOLAMA HİZMETLERİ A.Ş.","ELİTA GIDA SANAYİ VE TİCARET AŞ.",2962,"ELITA GIDA SANAYI VE TICARET AS","İskenderun","Hatay","TR-31"
"İskenderun Bölge Liman Başkanlığı","PET GAZ LPG DEPOLAMA TESİSİ","Gasrall LPG Petrol A.Ş",134033.472,"GASRALL LPG PETROL A S","İskenderun","Hatay","TR-31"
"İskenderun Bölge Liman Başkanlığı","PET GAZ LPG DEPOLAMA TESİSİ","Shell Turcas",64040.674,"SHELL TURCAS","İskenderun","Hatay","TR-31"
"İskenderun Bölge Liman Başkanlığı","PET GAZ LPG DEPOLAMA TESİSİ","Likitgaz",10104.784,"LIKITGAZ","İskenderun","Hatay","TR-31"
"İskenderun Bölge Liman Başkanlığı","PET GAZ LPG DEPOLAMA TESİSİ","Avgaz Enerji ve Petrol",8263.379,"AVGAZ ENERJI VE PETROL","İskenderun","Hatay","TR-31"
"İskenderun Bölge Liman Başkanlığı","PET GAZ LPG DEPOLAMA TESİSİ","Pet Gaz",4148.878,"PET GAZ","İskenderun","Hatay","TR-31"
"İskenderun Bölge Liman Başkanlığı","Atakaş İskenderun Liman Tesisi","ADM BESİN VE TARIM ANONİM ŞİRKETİ // HACI SABANCI ORGANİZE SANAYİ BÖLGESİ OSB 5 OCAK CAD. NO:2 SARIÇAM / ADANA",71100,"ADM BESIN VE TARIM ANONIM SIRKETI HACI SABANCI ORGANIZE SANAYI BOLGESI OSB 5 OCAK CAD NO 2 SARICAM ADANA","İskenderun","Hatay","TR-31"
"İskenderun Bölge Liman Başkanlığı","Atakaş İskenderun Liman Tesisi","MONARCH GROUP DIŞ TİCARET A.Ş. // PALMİYE MAH. ADNAN MENDERES BULV. MERKON SİTESİ NO:1B İÇ KAPI NO:13 YENİŞEHİR MERSİN",27500.4,"MONARCH GROUP DIS TICARET A S PALMIYE MAH ADNAN MENDERES BULV MERKON SITESI NO 1B IC KAPI NO 13 YENISEHIR MERSIN","İskenderun","Hatay","TR-31"
"İskenderun Bölge Liman Başkanlığı","Atakaş İskenderun Liman Tesisi","UNAT YAĞ // MERSİN TARSUS OSB GELİŞME ALANI BURHAN OSB MAH. KADRİ ŞAMAN BULVARI NO:3 MERSİN",23609,"UNAT YAG MERSIN TARSUS OSB GELISME ALANI BURHAN OSB MAH KADRI SAMAN BULVARI NO 3 MERSIN","İskenderun","Hatay","TR-31"
"İskenderun Bölge Liman Başkanlığı","Atakaş İskenderun Liman Tesisi","İPEK YEM VE GIDA SANAYİ TİCARET A.Ş. // AYDINLAR MAH. 03044 CAD. NO:15 ŞEHİTKAMİL GAZİANTEP",22698.785,"IPEK YEM VE GIDA SANAYI TICARET A S AYDINLAR MAH 03044 CAD NO 15 SEHITKAMIL GAZIANTEP","İskenderun","Hatay","TR-31"
"İskenderun Bölge Liman Başkanlığı","Atakaş İskenderun Liman Tesisi","VTC TARIM ÜRÜNLERİ GIDA SANAYİ VE TİCARET LTD. ŞTİ. KURUKÖPRÜ MAHALLESİ M.SEFA ÖZLER CADDE ARPACI APT / K:2/5 POSTAKODU: 01060 SEYHAN/ADANA",19600,"VTC TARIM URUNLERI GIDA SANAYI VE TICARET LTD STI KURUKOPRU MAHALLESI M SEFA OZLER CADDE ARPACI APT K 2 5 POSTAKODU 01060 SEYHAN ADANA","İskenderun","Hatay","TR-31"
"İskenderun Bölge Liman Başkanlığı","Atakaş İskenderun Liman Tesisi","AL RASHID YEM VE GIDA SANAYİ TİCARET LTD. ŞTİ. // YENİ MAH. İSMET İNÖNÜ BULVAR KLAS PLAZA A BLOK NO:78 13/26 33050 MERSİN",11200,"AL RASHID YEM VE GIDA SANAYI TICARET LTD STI YENI MAH ISMET INONU BULVAR KLAS PLAZA A BLOK NO 78 13 26 33050 MERSIN","İskenderun","Hatay","TR-31"
"İskenderun Bölge Liman Başkanlığı","Atakaş İskenderun Liman Tesisi","ELİTE GIDA SANAYİ VE TİC. A.Ş. //KOZYATAĞI MAH. ÇARDAK SOK. HERTI PLAZA NO:1/3 KADIKÖY/İSTANBUL",1300,"ELITE GIDA SANAYI VE TIC A S KOZYATAGI MAH CARDAK SOK HERTI PLAZA NO 1 3 KADIKOY ISTANBUL","İskenderun","Hatay","TR-31"
"İskenderun Bölge Liman Başkanlığı","BYPORT PETROL ÜRÜNLERİ TERMİNAL 
HİZMETLERİ A.Ş.","BYPORT PETROL ÜRÜNLERİ TERMİNAL HİZMETLERİ A.Ş.",32189.126,"BYPORT PETROL URUNLERI TERMINAL HIZMETLERI A S","İskenderun","Hatay","TR-31"
"İskenderun Bölge Liman Başkanlığı","İskenderun Gübretaş Limanı","Al-de Kimya-Güzelevler, İncirlik Blv. 22/A, 01316 Sarıçam/ADANA",23277.89,"AL DE KIMYA GUZELEVLER INCIRLIK BLV 22 A 01316 SARICAM ADANA","İskenderun","Hatay","TR-31"
"İskenderun Bölge Liman Başkanlığı","LIKITGAZ DÖRTOL LPG TERMİNALİ","KIBRIS TURK PETROLLERİ",2993.291,"KIBRIS TURK PETROLLERI","İskenderun","Hatay","TR-31"
"İskenderun Bölge Liman Başkanlığı","İsdemir Limanı","İSKENDERUN DEMİR VE ÇELİK A.Ş.",2496.744,"ISKENDERUN DEMIR VE CELIK A S","İskenderun","Hatay","TR-31"
"İstanbul Bölge Liman Başkanlığı","İskenderun Gübretaş Limanı","BEYAZ KAĞIT A.Ş",18367.39,"BEYAZ KAGIT A S","İstanbul","İstanbul","TR-34"
"İzmir Bölge Liman Başkanlığı","Sasa Polyester San. A.Ş. İskenderun
Tank Sahası ve Dolum Tesisleri Terminali","SASA Polyester Sanayi A.Ş. ADANA",582970,"SASA POLYESTER SANAYI A S ADANA","İzmir","İzmir","TR-35"
"Karadeniz Ereğli Bölge Liman Başkanlığı","Petrol Ofisi İskenderun Terminali","Petrol Ofisi İskenderun Terminali",551259,"PETROL OFISI ISKENDERUN TERMINALI","Karadeniz Ereğli","Zonguldak","TR-67"
"Karadeniz Ereğli Bölge Liman Başkanlığı","ERDEMİR Limanı","Ereğli Demir ve Çelik Fabrikaları T.A.Ş.",7508.622,"EREGLI DEMIR VE CELIK FABRIKALARI T A S","Karadeniz Ereğli","Zonguldak","TR-67"
"Karadeniz Ereğli Bölge Liman Başkanlığı","Sasa Polyester San. A.Ş. İskenderun
Tank Sahası ve Dolum Tesisleri Terminali","SASA Polyester Sanayi A.Ş. ADANA",3982.515,"SASA POLYESTER SANAYI A S ADANA","Karadeniz Ereğli","Zonguldak","TR-67"
"Mersin Bölge Liman Başkanlığı","MIP Mersin Limanı","AGRITRADE TARIM ÜRÜNLERİ LTD. ŞTİ.",143040,"AGRITRADE TARIM URUNLERI LTD STI","Mersin","Mersin","TR-33"
"Mersin Bölge Liman Başkanlığı","MIP Mersin Limanı","GEMLİK GÜBRE SANAYİ A.Ş.",64976,"GEMLIK GUBRE SANAYI A S","Mersin","Mersin","TR-33"
"Mersin Bölge Liman Başkanlığı","MIP Mersin Limanı","HEKTAŞ TİCARET AŞ.",47123,"HEKTAS TICARET AS","Mersin","Mersin","TR-33"
"Mersin Bölge Liman Başkanlığı","MIP Mersin Limanı","UNAT YAĞ GIDA SANAYİ AŞ.",42797,"UNAT YAG GIDA SANAYI AS","Mersin","Mersin","TR-33"
"Mersin Bölge Liman Başkanlığı","MIP Mersin Limanı","ABALIOĞLU YAĞ SANAYİ VE TİCARET AŞ.",41700,"ABALIOGLU YAG SANAYI VE TICARET AS","Mersin","Mersin","TR-33"
"Mersin Bölge Liman Başkanlığı","MIP Mersin Limanı","ZER YAĞ SANAYİ VE TİCARET AŞ.",41673,"ZER YAG SANAYI VE TICARET AS","Mersin","Mersin","TR-33"
"Mersin Bölge Liman Başkanlığı","MIP Mersin Limanı","ALTUNKAYA İNŞAAT GIDA TİCARET AŞ.",39559,"ALTUNKAYA INSAAT GIDA TICARET AS","Mersin","Mersin","TR-33"
"Mersin Bölge Liman Başkanlığı","MIP Mersin Limanı","DIA BAKLİYAT AŞ.",32568,"DIA BAKLIYAT AS","Mersin","Mersin","TR-33"
"Mersin Bölge Liman Başkanlığı","MIP Mersin Limanı","NADİR YAĞ SANAYİ VE TİCARET AŞ.",25840,"NADIR YAG SANAYI VE TICARET AS","Mersin","Mersin","TR-33"
"Mersin Bölge Liman Başkanlığı","MIP Mersin Limanı","MARSA YAĞ SANAYİ VE TİCARET AŞ.",24443,"MARSA YAG SANAYI VE TICARET AS","Mersin","Mersin","TR-33"
"Mersin Bölge Liman Başkanlığı","MIP Mersin Limanı","AG TARIM GIDA İNŞAAT SANAYİ VE TİCARET AŞ.",22131,"AG TARIM GIDA INSAAT SANAYI VE TICARET AS","Mersin","Mersin","TR-33"
"Mersin Bölge Liman Başkanlığı","MIP Mersin Limanı","ARAZ HAVACILIK PETROKİMYA VE DEMİR ÇELİK",20803,"ARAZ HAVACILIK PETROKIMYA VE DEMIR CELIK","Mersin","Mersin","TR-33"
"Mersin Bölge Liman Başkanlığı","MIP Mersin Limanı","KADOOĞLU YAĞ SANAYİ VE TİCARET AŞ.",18285,"KADOOGLU YAG SANAYI VE TICARET AS","Mersin","Mersin","TR-33"
"Mersin Bölge Liman Başkanlığı","MIP Mersin Limanı","İSTANBUL AGRO TRADE ULUSLARARASI NAKLİYAT AŞ.",17946,"ISTANBUL AGRO TRADE ULUSLARARASI NAKLIYAT AS","Mersin","Mersin","TR-33"
"Mersin Bölge Liman Başkanlığı","MIP Mersin Limanı","REFAH TARIM ÜRÜNLERİ SANAYİ VE TİCARET LTD.",16701,"REFAH TARIM URUNLERI SANAYI VE TICARET LTD","Mersin","Mersin","TR-33"
"Mersin Bölge Liman Başkanlığı","MIP Mersin Limanı","BAGFAŞ BANDIRMA GÜBRE FABRİKALARI / BANDIRMA",14951,"BAGFAS BANDIRMA GUBRE FABRIKALARI BANDIRMA","Mersin","Mersin","TR-33"
"Mersin Bölge Liman Başkanlığı","MIP Mersin Limanı","ELİTA GIDA SANAYİ VE TİCARET AŞ.",11846,"ELITA GIDA SANAYI VE TICARET AS","Mersin","Mersin","TR-33"
"Mersin Bölge Liman Başkanlığı","MIP Mersin Limanı","ASLANKAYA KİMYA VE SAĞLIK SANAYİ AŞ.",11551,"ASLANKAYA KIMYA VE SAGLIK SANAYI AS","Mersin","Mersin","TR-33"
"Mersin Bölge Liman Başkanlığı","MIP Mersin Limanı","Toros Tarım Sanayi ve Ticaret A.Ş.",10270,"TOROS TARIM SANAYI VE TICARET A S","Mersin","Mersin","TR-33"
"Mersin Bölge Liman Başkanlığı","MIP Mersin Limanı","PAM YAĞ GIDA VE KİMYA SANAYİ LTD. ŞTİ.",9259,"PAM YAG GIDA VE KIMYA SANAYI LTD STI","Mersin","Mersin","TR-33"
"Mersin Bölge Liman Başkanlığı","MIP Mersin Limanı","METALFLEX İNŞAAT METAL KİMYA VE OTOMOTİV",8518,"METALFLEX INSAAT METAL KIMYA VE OTOMOTIV","Mersin","Mersin","TR-33"
"Mersin Bölge Liman Başkanlığı","MIP Mersin Limanı","SİZİN BİTKİSEL YAĞ SANAYİ TİCARET LTD. ŞTİ.",8032,"SIZIN BITKISEL YAG SANAYI TICARET LTD STI","Mersin","Mersin","TR-33"
"Mersin Bölge Liman Başkanlığı","MIP Mersin Limanı","TİRYAKİ TAHIL VE YEM TİCARET AŞ.",7207,"TIRYAKI TAHIL VE YEM TICARET AS","Mersin","Mersin","TR-33"
"Mersin Bölge Liman Başkanlığı","MIP Mersin Limanı","AVES ENERJİ YAĞ VE GIDA SANAYI AŞ.",6296,"AVES ENERJI YAG VE GIDA SANAYI AS","Mersin","Mersin","TR-33"
"Mersin Bölge Liman Başkanlığı","MIP Mersin Limanı","CARGILL TARIM VE GIDA SANAYİ TİCARET AŞ.",5698,"CARGILL TARIM VE GIDA SANAYI TICARET AS","Mersin","Mersin","TR-33"
"Mersin Bölge Liman Başkanlığı","MIP Mersin Limanı","CSA TARIM GIDA SANAYİ TİCARET LTD.",4216,"CSA TARIM GIDA SANAYI TICARET LTD","Mersin","Mersin","TR-33"
"Mersin Bölge Liman Başkanlığı","MIP Mersin Limanı","BESLER GIDA VE KİMYA SANAYİ TİCARET AŞ.",3864,"BESLER GIDA VE KIMYA SANAYI TICARET AS","Mersin","Mersin","TR-33"
"Mersin Bölge Liman Başkanlığı","MIP Mersin Limanı","HALİT ÖNER TARIM GIDA İNŞAAT SANAYİ VE TİCARET",2942,"HALIT ONER TARIM GIDA INSAAT SANAYI VE TICARET","Mersin","Mersin","TR-33"
"Mersin Bölge Liman Başkanlığı","MIP Mersin Limanı","SAYINLAR GIDA SANAYİ TİCARET AŞ.",2851,"SAYINLAR GIDA SANAYI TICARET AS","Mersin","Mersin","TR-33"
"Mersin Bölge Liman Başkanlığı","MIP Mersin Limanı","TARGRAY TURKEY HAYVANSAL YAĞLAR",2833,"TARGRAY TURKEY HAYVANSAL YAGLAR","Mersin","Mersin","TR-33"
"Mersin Bölge Liman Başkanlığı","MIP Mersin Limanı","ATEŞ SÖNMEZ KİMYA SANAYİ VE TİCARET AŞ.",2618,"ATES SONMEZ KIMYA SANAYI VE TICARET AS","Mersin","Mersin","TR-33"
"Mersin Bölge Liman Başkanlığı","MIP Mersin Limanı","TAT KİMYA SANAYİ VE TİCARET AŞ.",2330,"TAT KIMYA SANAYI VE TICARET AS","Mersin","Mersin","TR-33"
"Mersin Bölge Liman Başkanlığı","MIP Mersin Limanı","ÖZMİROĞLU PAMUK YAĞ SANAYİ VE TİC. AŞ.",1989,"OZMIROGLU PAMUK YAG SANAYI VE TIC AS","Mersin","Mersin","TR-33"
"Mersin Bölge Liman Başkanlığı","MIP Mersin Limanı","ELMAS FOR DEVELOPMENT COMPANY GIDA AŞ.",1043,"ELMAS FOR DEVELOPMENT COMPANY GIDA AS","Mersin","Mersin","TR-33"
"Mersin Bölge Liman Başkanlığı","MIP Mersin Limanı","ALAZAYIM GIDA PAKETLEME DOLUM",250,"ALAZAYIM GIDA PAKETLEME DOLUM","Mersin","Mersin","TR-33"
"Mersin Bölge Liman Başkanlığı","Savka Mersin Terminali","AVES ENERJİ YAĞ VE GIDA SANAYI AŞ.",448108,"AVES ENERJI YAG VE GIDA SANAYI AS","Mersin","Mersin","TR-33"
"Mersin Bölge Liman Başkanlığı","Mersin Serbest Bölge Rıhtımı","Toros Tarım Sanayi ve Ticaret A.Ş.",202192,"TOROS TARIM SANAYI VE TICARET A S","Mersin","Mersin","TR-33"
"Mersin Bölge Liman Başkanlığı","Mersin Serbest Bölge Rıhtımı","Kiraz Kimya San. Dış Tic. A.Ş. - - Hicri Ercili",82197,"KIRAZ KIMYA SAN DIS TIC A S HICRI ERCILI","Mersin","Mersin","TR-33"
"Samsun Bölge Liman Başkanlığı","Toros Tarım Samsun Limanı","Eti Bakır,Gübretaş Gübre Fabrikaları,Hexagon Group Ag, Hicri Ercili Dnz.Nak.Kimyevi MadSan.ve Tic.Ltd.Şti,Kimya Market San.Tic.Ltd.Şti,Meta Nikel Kobalt Madencilik Tic.A.Ş.,Trammo INC,Trammo DMCC,Trıcon Energy Ltd.",308993.91,"ETI BAKIR GUBRETAS GUBRE FABRIKALARI HEXAGON GROUP AG HICRI ERCILI DNZ NAK KIMYEVI MADSAN VE TIC LTD STI KIMYA MARKET SAN TIC LTD STI META NIKEL KOBALT MADENCILIK TIC A S TRAMMO INC TRAMMO DMCC TRICON ENERGY LTD","Samsun","Samsun","TR-55"
"Samsun Bölge Liman Başkanlığı","Toros Tarım Samsun Limanı","Toros Tarım San.Tic.A.Ş.& ETİ BAKIR A.Ş",163035.23,"TOROS TARIM SAN TIC A S ETI BAKIR A S","Samsun","Samsun","TR-55"
"Samsun Bölge Liman Başkanlığı","Toros Tarım Samsun Limanı","Toros Tarım Sanayi ve Ticaret A.Ş.",70551.3,"TOROS TARIM SANAYI VE TICARET A S","Samsun","Samsun","TR-55"
"Samsun Bölge Liman Başkanlığı","SADAŞ-Samsun Akryt. Terminali","Güzel Enerji AkaryakıtA.Ş, SHELL& TURCAS PETROL A.Ş",394471.47,"GUZEL ENERJI AKARYAKITA S SHELL TURCAS PETROL A S","Samsun","Samsun","TR-55"
"Samsun Bölge Liman Başkanlığı","Akpet Akaryakıt A.Ş","AKPET AKARYAKIT DAĞITIM A.Ş",196564,"AKPET AKARYAKIT DAGITIM A S","Samsun","Samsun","TR-55"
"Samsun Bölge Liman Başkanlığı","Aygaz A.Ş.","AYGAZ A.Ş.",136250.13,"AYGAZ A S","Samsun","Samsun","TR-55"
"Samsun Bölge Liman Başkanlığı","Samsun Alpet","TPPD A.Ş.",116747.732,"TPPD A S","Samsun","Samsun","TR-55"
"Samsun Bölge Liman Başkanlığı","Petrol Ofisi Samsun Terminali","Petrol Ofisi Samsun Terminali",105476.87,"PETROL OFISI SAMSUN TERMINALI","Samsun","Samsun","TR-55"
"Samsun Bölge Liman Başkanlığı","Eti Bakır A.Ş. Samsun","Hicri Ercili, Ameropa, Eti Maden, Gübretaş ve Eti Bakır Mardin Mazıdağı",77345.88,"HICRI ERCILI AMEROPA ETI MADEN GUBRETAS VE ETI BAKIR MARDIN MAZIDAGI","Samsun","Samsun","TR-55"
"Samsun Bölge Liman Başkanlığı","LİKİTGAZ SAMSUN DOLUM VE DEPOLAMA TERMİNALİ","LİKİTGAZ DAĞITIM VE ENDÜSTRİ A.Ş",49026.166,"LIKITGAZ DAGITIM VE ENDUSTRI A S","Samsun","Samsun","TR-55"
"Samsun Bölge Liman Başkanlığı","Etibakır İnebolu Liman Tesisi","Kastamonu Entegre A.Ş.",36867.052,"KASTAMONU ENTEGRE A S","Samsun","Samsun","TR-55"
"Samsun Bölge Liman Başkanlığı","O.B.B Ünye Liman Tesisleri","Çamsan A.Ş.",19131.2,"CAMSAN A S","Samsun","Samsun","TR-55"
"Samsun Bölge Liman Başkanlığı","Samsun Bestoil","Kaleli Bestoil Petrolcülük A.Ş.",4794.561,"KALELI BESTOIL PETROLCULUK A S","Samsun","Samsun","TR-55"
"Tekirdağ Bölge Liman Başkanlığı","BOTAŞ LNG M.EREĞLİSİ","BOTAŞ",4090407,"BOTAS","Tekirdağ","Tekirdağ","TR-59"
"Tekirdağ Bölge Liman Başkanlığı","BOTAŞ LNG M.EREĞLİSİ","İPRAGAZ AŞ",85481,"IPRAGAZ AS","Tekirdağ","Tekirdağ","TR-59"
"Tekirdağ Bölge Liman Başkanlığı","BOTAŞ LNG M.EREĞLİSİ","OMV Enerji Tic. AŞ",59911,"OMV ENERJI TIC AS","Tekirdağ","Tekirdağ","TR-59"
"Tekirdağ Bölge Liman Başkanlığı","BOTAŞ LNG M.EREĞLİSİ","AYGAZ Doğalgaz Toptan Satış AŞ",50451,"AYGAZ DOGALGAZ TOPTAN SATIS AS","Tekirdağ","Tekirdağ","TR-59"
"Tekirdağ Bölge Liman Başkanlığı","BOTAŞ LNG M.EREĞLİSİ","HABAŞ Sınai ve Tıbbi Gazlarİstihsal Endüstrisi AŞ",36055,"HABAS SINAI VE TIBBI GAZLARISTIHSAL ENDUSTRISI AS","Tekirdağ","Tekirdağ","TR-59"
"Tekirdağ Bölge Liman Başkanlığı","BOTAŞ LNG M.EREĞLİSİ","AKPET AKARYAKIT DAĞITIM A.Ş",22291,"AKPET AKARYAKIT DAGITIM A S","Tekirdağ","Tekirdağ","TR-59"
"Tekirdağ Bölge Liman Başkanlığı","BOTAŞ LNG M.EREĞLİSİ","OR-CN Doğalgaz Toptan Satış Dağıtım AŞ",21208,"OR CN DOGALGAZ TOPTAN SATIS DAGITIM AS","Tekirdağ","Tekirdağ","TR-59"
"Tekirdağ Bölge Liman Başkanlığı","BOTAŞ LNG M.EREĞLİSİ","ENERJİ Grup Sıvı D.Gaz LNG Akar.pet.Ür.Top.Sat.AŞ",8207,"ENERJI GRUP SIVI D GAZ LNG AKAR PET UR TOP SAT AS","Tekirdağ","Tekirdağ","TR-59"
"Tekirdağ Bölge Liman Başkanlığı","BOTAŞ LNG M.EREĞLİSİ","NATURELGAZ San. Ve Tic. AŞ",3689,"NATURELGAZ SAN VE TIC AS","Tekirdağ","Tekirdağ","TR-59"
"Tekirdağ Bölge Liman Başkanlığı","Opet Marmara Liman İşletmesi","Opet Petrolcülük AŞ",2276341,"OPET PETROLCULUK AS","Tekirdağ","Tekirdağ","TR-59"
"Tekirdağ Bölge Liman Başkanlığı","Opet Marmara Liman İşletmesi","Tüpraş",600220,"TUPRAS","Tekirdağ","Tekirdağ","TR-59"
"Tekirdağ Bölge Liman Başkanlığı","Opet Marmara Liman İşletmesi","Shell Turcas AŞ",345000,"SHELL TURCAS AS","Tekirdağ","Tekirdağ","TR-59"
"Tekirdağ Bölge Liman Başkanlığı","Opet Marmara Liman İşletmesi","Güzel Enerji",32924,"GUZEL ENERJI","Tekirdağ","Tekirdağ","TR-59"
"Tekirdağ Bölge Liman Başkanlığı","Opet Marmara Liman İşletmesi","BP",32924,"BP","Tekirdağ","Tekirdağ","TR-59"
"Tekirdağ Bölge Liman Başkanlığı","Marmara Depoculuk Hizmetleri A.Ş","Shell Turcas Petrol A.Ş.",998015,"SHELL TURCAS PETROL A S","Tekirdağ","Tekirdağ","TR-59"
"Tekirdağ Bölge Liman Başkanlığı","Marmara Depoculuk Hizmetleri A.Ş","Petrol Ofisi A.Ş.",880687,"PETROL OFISI A S","Tekirdağ","Tekirdağ","TR-59"
"Tekirdağ Bölge Liman Başkanlığı","CEYPORT TEKİRDAĞ","GÜBRE FABRİKALARI TÜR KAŞ",166335.79,"GUBRE FABRIKALARI TUR KAS","Tekirdağ","Tekirdağ","TR-59"
"Tekirdağ Bölge Liman Başkanlığı","CEYPORT TEKİRDAĞ","REKA BİTKİSEL YAĞLAR SAN. TİC. AŞ.",62725.31,"REKA BITKISEL YAGLAR SAN TIC AS","Tekirdağ","Tekirdağ","TR-59"
"Tekirdağ Bölge Liman Başkanlığı","CEYPORT TEKİRDAĞ","GEMLİK GÜBRE SANAYİ A.Ş.",41783.18,"GEMLIK GUBRE SANAYI A S","Tekirdağ","Tekirdağ","TR-59"
"Tekirdağ Bölge Liman Başkanlığı","CEYPORT TEKİRDAĞ","Toros Tarım Sanayi ve Ticaret A.Ş.",37636.43,"TOROS TARIM SANAYI VE TICARET A S","Tekirdağ","Tekirdağ","TR-59"
"Tekirdağ Bölge Liman Başkanlığı","CEYPORT TEKİRDAĞ","BUNGE GIDA SANAYİ VE TİCARET AŞ",30312.06,"BUNGE GIDA SANAYI VE TICARET AS","Tekirdağ","Tekirdağ","TR-59"
"Tekirdağ Bölge Liman Başkanlığı","CEYPORT TEKİRDAĞ","İSTANBUL GÜBRE SAN. AŞ",20406.58,"ISTANBUL GUBRE SAN AS","Tekirdağ","Tekirdağ","TR-59"
"Tekirdağ Bölge Liman Başkanlığı","CEYPORT TEKİRDAĞ","SAVOLA GIDA SAN. VE TİC. AŞ",8885.61,"SAVOLA GIDA SAN VE TIC AS","Tekirdağ","Tekirdağ","TR-59"
"Tekirdağ Bölge Liman Başkanlığı","CEYPORT TEKİRDAĞ","DIA BAKLİYAT AŞ.",6607,"DIA BAKLIYAT AS","Tekirdağ","Tekirdağ","TR-59"
"Tekirdağ Bölge Liman Başkanlığı","LIKIT PORT","LİKİT KİMYA SAN. VE TİC. AŞ.",245599,"LIKIT KIMYA SAN VE TIC AS","Tekirdağ","Tekirdağ","TR-59"
"Tekirdağ Bölge Liman Başkanlığı","Bütangaz A. Ş. Marmara Ereğlisi","İPRAGAZ AŞ",77603.269,"IPRAGAZ AS","Tekirdağ","Tekirdağ","TR-59"
"Tekirdağ Bölge Liman Başkanlığı","Bütangaz A. Ş. Marmara Ereğlisi","ASTOR HOLDİNG COMPANY",1497.3,"ASTOR HOLDING COMPANY","Tekirdağ","Tekirdağ","TR-59"
"Tekirdağ Bölge Liman Başkanlığı","Güzel Enerji Akaryakıt A.Ş. M.Ereğlisi LPG Tesisi","GÜZEL ENERJİ AKARYAKIT A.Ş",43416,"GUZEL ENERJI AKARYAKIT A S","Tekirdağ","Tekirdağ","TR-59"
"Tekirdağ Bölge Liman Başkanlığı","TOPRAK MAHSULLERİ OFİSİ      TEKİRDAĞ BAŞMÜDÜRLÜĞÜ İSKELESİ","TOPRAK MAHSULLERİ OFİSİ GENEL MÜDÜRLÜĞÜ TEKİRDAĞ BAŞMÜDÜRLÜĞÜ",16951,"TOPRAK MAHSULLERI OFISI GENEL MUDURLUGU TEKIRDAG BASMUDURLUGU","Tekirdağ","Tekirdağ","TR-59"
"Tekirdağ Bölge Liman Başkanlığı","ARGAZ AŞ M.EREĞLİSİ","GÜÇ GAZ Petrol Ürünleri AŞ",2196.19,"GUC GAZ PETROL URUNLERI AS","Tekirdağ","Tekirdağ","TR-59"
"Tekirdağ Bölge Liman Başkanlığı","ARGAZ AŞ M.EREĞLİSİ","YURTPET",1833.6,"YURTPET","Tekirdağ","Tekirdağ","TR-59"
"Tirebolu Liman Başkanlığı","Opet Giresun Terminali","Türkiye Petrol Rafineleri A.Ş",328269,"TURKIYE PETROL RAFINELERI A S","Tirebolu","Giresun","TR-28"
"Tirebolu Liman Başkanlığı","Opet Giresun Terminali","THY OPET Havacılık Yakıtları A.Ş",47350,"THY OPET HAVACILIK YAKITLARI A S","Tirebolu","Giresun","TR-28"
"Tirebolu Liman Başkanlığı","Karadeniz LPG Depolama ve Deniz Terminali Ticaret A.Ş","Gasrall LPG Petrol A.Ş",22549.17,"GASRALL LPG PETROL A S","Tirebolu","Giresun","TR-28"
"Tirebolu Liman Başkanlığı","Karadeniz LPG Depolama ve Deniz Terminali Ticaret A.Ş","Avgaz Enerji A.Ş",2494.16,"AVGAZ ENERJI A S","Tirebolu","Giresun","TR-28"
"Trabzon Bölge Liman Başkanlığı","PO Trabzon Terminali","Petrol Ofisi A.Ş.",439287,"PETROL OFISI A S","Trabzon","Trabzon","TR-61"
"Trabzon Bölge Liman Başkanlığı","opet giresun","türkiye petrolleri",328269,"TURKIYE PETROLLERI","Trabzon","Trabzon","TR-61"
"Trabzon Bölge Liman Başkanlığı","opet giresun","thy opet havacılık",47350,"THY OPET HAVACILIK","Trabzon","Trabzon","TR-61"
"Trabzon Bölge Liman Başkanlığı","Aytemiz Trabzon Terminali","Aytemiz Akaryakıt Dağıtım A.Ş.",52897,"AYTEMIZ AKARYAKIT DAGITIM A S","Trabzon","Trabzon","TR-61"
"Trabzon Bölge Liman Başkanlığı","iz lpg","Gasrall LPG Petrol A.Ş",22549,"GASRALL LPG PETROL A S","Trabzon","Trabzon","TR-61"
"Trabzon Bölge Liman Başkanlığı","iz lpg","avgaz enerji",2494,"AVGAZ ENERJI","Trabzon","Trabzon","TR-61"
"Trabzon Bölge Liman Başkanlığı","trabzonport","koptur",8620.7,"KOPTUR","Trabzon","Trabzon","TR-61"
"Trabzon Bölge Liman Başkanlığı","trabzonport","baysun",6848,"BAYSUN","Trabzon","Trabzon","TR-61"
"Trabzon Bölge Liman Başkanlığı","hopaport","mbt kimya",10013.65,"MBT KIMYA","Trabzon","Trabzon","TR-61"
"Trabzon Bölge Liman Başkanlığı","hopaport","ofis acay",2779.66,"OFIS ACAY","Trabzon","Trabzon","TR-61"
